{"cameraMode":{"drawMode":0,"name":"Shaded","section":"Shading Mode"},"sceneLighting":true,"audioPlay":false,"sceneViewState":{"m_AlwaysRefresh":false,"showFog":true,"showSkybox":true,"showFlares":true,"showImageEffects":true,"showParticleSystems":true,"showVisualEffectGraphs":true,"m_FxEnabled":true},"in2DMode":false,"pivot":{"x":1.1920928955078126e-7,"y":1.7899999618530274,"z":1.1920928955078126e-7},"rotation":{"x":-0.0017365033272653819,"y":-0.9533402323722839,"z":-0.006060638930648565,"w":0.30211907625198367},"size":1.0779485702514649,"orthographic":false}