{"cameraMode":{"drawMode":0,"name":"Shaded","section":"Shading Mode"},"sceneLighting":true,"audioPlay":false,"sceneViewState":{"m_AlwaysRefresh":false,"showFog":true,"showSkybox":true,"showFlares":true,"showImageEffects":true,"showParticleSystems":true,"showVisualEffectGraphs":true,"m_FxEnabled":true},"in2DMode":false,"pivot":{"x":0.0077761560678482059,"y":-0.14941155910491944,"z":-3.7600150108337404},"rotation":{"x":0.01291229110211134,"y":-0.9711719155311585,"z":0.23210811614990235,"w":0.05394531413912773},"size":5.626277923583984,"orthographic":false}